--TABLA PROVEEDOR--
INSERT INTO PROVEEDOR  
VALUES(1,'Ositos Maravilla', 'Edwin', 'Santiago', NULL, 'Norte 1', 10, '57510', 'Estado de México');
INSERT INTO PROVEEDOR 
VALUES(2,'DIXON', 'Katherine', 'Ibarra', 'Mata', 'Guanabana', 310, '02820', 'Ciudad de México');
INSERT INTO PROVEEDOR 
VALUES(3,'CASIO', 'Angel', 'Martinez', 'Gutierrez', 'Av. Insurgentes', 1457, '03840', 'Ciudad de México');
INSERT INTO PROVEEDOR 
VALUES(4,'STEREN', 'Alheli', 'Mejia', 'Angel', 'Republica del Salvador', 35, '06000', 'Ciudad de México');
INSERT INTO PROVEEDOR 
VALUES(5,'TELCEL', 'Marco', 'Guerra', 'Arce', 'Calle 6', 110, '08100', 'Estado de México');
INSERT INTO PROVEEDOR 
VALUES(6,'HP', 'Ricardo', 'Alvarado', 'Rodriguez', 'Av. Canal de tezontle', 1512, '09020', 'Ciudad de México');
INSERT INTO PROVEEDOR 
VALUES(7,'Scribe', 'Andrea', 'Mejia', 'Godinez', 'Av. Ejercito Nacional', 559, '11520', 'Ciudad de México');
INSERT INTO PROVEEDOR 
VALUES(8,'Nike', 'Jonathan', 'Boni', 'Jimenez', 'Av. Rio san Joaquin', 406, '11529', 'Ciudad de México');
INSERT INTO PROVEEDOR 
VALUES(9,'Norma', 'Javier', 'Blas', 'Perales', 'Lago Chalco', 81, '11320', 'Ciudad de México');
INSERT INTO PROVEEDOR 
VALUES(10,'Papel S.A. de C.V.', 'Alexis', 'Mayoral', 'Montejano', 'Simon Bolivar', 95, '06080', 'Ciudad de México');

--TABLA TELEFONO_PROVEEDOR--
INSERT INTO TELEFONO_PROVEEDOR
VALUES(5571382450, 1);
INSERT INTO TELEFONO_PROVEEDOR
VALUES(5513554430, 2);
INSERT INTO TELEFONO_PROVEEDOR
VALUES(5582067875, 3);
INSERT INTO TELEFONO_PROVEEDOR
VALUES(5514617194, 4);
INSERT INTO TELEFONO_PROVEEDOR
VALUES(5588147358, 5);
INSERT INTO TELEFONO_PROVEEDOR
VALUES(5539597982, 6);
INSERT INTO TELEFONO_PROVEEDOR
VALUES(5561844905, 7);
INSERT INTO TELEFONO_PROVEEDOR
VALUES(5611747119, 8);
INSERT INTO TELEFONO_PROVEEDOR
VALUES(5611285022, 9);
INSERT INTO TELEFONO_PROVEEDOR
VALUES(5582136614, 10);

--TABLA CLIENTE--
INSERT INTO CLIENTE
VALUES(1, 'INDUSTRIAS HATZALAJA', 'Daniel', 'Rojas', 'Méndez', 'Av. Jose María Izazaga', 50, '06080','Ciudad de México');
INSERT INTO CLIENTE
VALUES(2, 'INDUSTRIAS HATZALAJA', 'Gabriel', 'Rojas', 'Méndez', 'Av. Jose María Izazaga', 50, '06080', 'Ciudad de México');
INSERT INTO CLIENTE
VALUES(3, 'Quimica VALANER', 'Carmen', 'Méndez', 'Sánchez', 'Jalapa', 77, '06700', 'Ciudad de México');
INSERT INTO CLIENTE
VALUES(4, 'AUDIO MUNDO', 'Lourdes', 'Rojas', 'Méndez', 'Av. Nuevo Leon', 122, '06170', 'Ciudad de México');
INSERT INTO CLIENTE
VALUES(5, 'IDTEXT', 'Raúl', 'Rojas', 'Méndez', 'Mixtecos', 20, '06800', 'Ciudad de México');
INSERT INTO CLIENTE
VALUES(6, 'Grupo MEVISTO', 'Jose Julian', 'Rojas', 'Tellez', 'Colima', 209, '06700', 'Ciudad de México');
INSERT INTO CLIENTE
VALUES(7, 'OLLYN', 'Marisol', 'Rojas', 'Méndez', 'Colima', 221, '06700', 'Ciudad de México');
INSERT INTO CLIENTE
VALUES(8, 'Superama', 'Nadia', 'Mejía', 'Angel', 'Río Balsas', 23, '06500', 'Ciudad de México');
INSERT INTO CLIENTE
VALUES(9, 'MAPFRE', 'Aide', 'Ibarra', 'Rodriguez', 'Av. Paseo de la Reforma', 243, '06500', 'Ciudad de México');
INSERT INTO CLIENTE
VALUES(10, 'IPAE', 'Karen Alejandra', 'Bonilla', 'García', 'Durango', 100, '06700', 'Ciudad de México');

--TABLA EMAIL_CLIENTE--
INSERT INTO EMAIL_CLIENTE
VALUES('danyrojas@gmail.com', 1);
INSERT INTO EMAIL_CLIENTE
VALUES('gabrielrojasmendez@gmail.com', 2);
INSERT INTO EMAIL_CLIENTE
VALUES('carmen610807@gmail.com', 3);
INSERT INTO EMAIL_CLIENTE
VALUES('emiline0190@gmail.com', 4);
INSERT INTO EMAIL_CLIENTE
VALUES('raulrojas1166@gmail.com', 5);
INSERT INTO EMAIL_CLIENTE
VALUES('julianTR@gamil.com', 6);
INSERT INTO EMAIL_CLIENTE
VALUES('masyrool@hotmail.com', 7);
INSERT INTO EMAIL_CLIENTE
VALUES('Alhean@gmail.com', 8);
INSERT INTO EMAIL_CLIENTE
VALUES('ibarritaChoco@yahoo.com', 9);
INSERT INTO EMAIL_CLIENTE
VALUES('karisbonilla2815@hotmail.com', 10);

--TABLA PRODUCTO--
INSERT INTO PRODUCTO
VALUES(7502247330016, 'CASIO', 3, 'Calculadora cientifica', 10, 380.50, '2020/01/23', NULL, '1', NULL, NULL);
INSERT INTO PRODUCTO
VALUES(650240032974, 'HP', 6, 'Paquete de 500 hojas blancas para impresora', 25, 75.00, '2020/01/23', NULL, '1', NULL, NULL);
INSERT INTO PRODUCTO
VALUES(7501065076625, 'TELCEL', 5, 'Recarga de tiempo aire $500', 5, 489.99, '2020/01/23', NULL, NULL, NULL, '1');
INSERT INTO PRODUCTO
VALUES(4005808293551, 'STEREN', 4, 'Paquete de LEDs', 20, 15.30, '2020/01/23', NULL, NULL, NULL, NULL);
INSERT INTO PRODUCTO
VALUES(7503006503016, 'DIXON', 2, 'Lapiz HB para dibujo', 50, 2.50, '2020/01/23', NULL, '1', NULL, NULL);
INSERT INTO PRODUCTO
VALUES(6920354822230, 'AFELPADOS', 1, 'Peluche de felpa', 5, 125.00, '2020/01/23', '1', NULL, NULL, NULL);
INSERT INTO PRODUCTO
VALUES(7502016305200, 'Scribe', 7, 'Cuaderno profesional de 100 hojas', 20, 10.99, '2020/01/23', NULL, '1', NULL, NULL);
INSERT INTO PRODUCTO
VALUES(6509865234581, 'Scribe', 7, 'Cuaderno forma italiana de 100 hojas', 20, 10.99, '2020/01/23', NULL, '1', NULL, NULL);
INSERT INTO PRODUCTO
VALUES(6901598735165, 'TELCEL', 5, 'Recarga de tiempo aire $100', 10, 95.99, '2020/01/23', NULL, NULL, NULL, '1');
INSERT INTO PRODUCTO
VALUES(7506423985415, 'TELCEL', 5, 'Recarga de tiempo aire $200', 10, 195.99, '2020/01/23', NULL, NULL, NULL, '1');
INSERT INTO PRODUCTO
VALUES(7206715183, 'DIXON', 2, 'Lapiz adhesivo 8gr', 25, 5.00, '2020/01/23', NULL, '1', NULL, NULL);
INSERT INTO PRODUCTO
VALUES(7501147419159, 'DIXON', 2, 'Paquete de lapices 5 piezas', 10, 20.00, '2020/01/23', NULL, '1', NULL, NULL);
INSERT INTO PRODUCTO
VALUES(7615523921711, 'AFELPADOS', 1, 'Llavero de osito', 10, 10.00, '2020/01/23', '1', NULL, NULL, NULL);
INSERT INTO PRODUCTO
VALUES(7205516238514, 'NORMA', 9, 'Caja de 36 colores', 5, 250.00, '2020/01/23', NULL, '1', NULL, NULL);
INSERT INTO PRODUCTO
VALUES(7501015213544, 'DIXON', 2, 'Marcatextos 414', 20, 9.99, '2020/01/23', NULL, '1', NULL, NULL);
INSERT INTO PRODUCTO
VALUES(7506129405380, 'NORMA', 9, 'Cuaderno ecologico de 100 hojas', 20, 18.90, '2020/01/23', NULL, '1', NULL, NULL);
INSERT INTO PRODUCTO
VALUES(764025112116, 'Papers', 10, 'Paquete de 500 hojas para impresora', 10, 75.00, '2020/01/23', NULL, NULL, '1', NULL);
INSERT INTO PRODUCTO
VALUES(725896413574, 'HP', 6, 'Tonner para impresora', 5, 789.90, '2020/01/23', NULL, NULL, '1', NULL);
INSERT INTO PRODUCTO
VALUES(784351264542, 'White Papers', 10, '1/4 de papel ilustración', 30, 10.99, '2020/01/23', NULL, '1', NULL, NULL);
INSERT INTO PRODUCTO
VALUES(723549137642, 'Nike', 8, 'Cartera de tela', 5, 250.00, '2020/01/23', '1', NULL, NULL, NULL);

--TABLAS VENTA Y DETALLES_VENTA--
INSERT INTO VENTA
VALUES('VENT-001', 10, CURRENT_DATE, 1500.00);
INSERT INTO DETALLES_VENTA
VALUES('VENT-001', 723549137642, 5,300.00);
INSERT INTO DETALLES_VENTA
VALUES('VENT-001', 725896413574, 1,820);

INSERT INTO VENTA
VALUES('VENT-002', 6, CURRENT_DATE, 0.00);
INSERT INTO DETALLES_VENTA
VALUES('VENT-002', 7501015213544, 5, 12.00);
INSERT INTO DETALLES_VENTA
VALUES('VENT-002', 723549137642, 1, 300.00);
INSERT INTO DETALLES_VENTA
VALUES('VENT-002', 784351264542, 2, 14.00);
SELECT FREGISTROVENTA('VENT-002');

INSERT INTO VENTA
VALUES('VENT-003', 6, CURRENT_DATE, 0.00);
INSERT INTO DETALLES_VENTA
VALUES('VENT-003',7502247330016, 1, 450.00);

SELECT * FROM PRODUCTO